id;tipo;alias_origem;tabela_origem;campo_origem;expressao;campo_destino;tipo_destino;descricao
1;tabela;CC;BI_DIM_CHARGE_CODE;COD_CHARGE_CODE;;COD_CHARGE_CODE;VARCHAR2(15);Charge code
2;tabela;CC;BI_DIM_CHARGE_CODE;DSC_CHARGE_CODE;;DSC_CHARGE_CODE;VARCHAR2(100);Descrição da Charge Code
4;tabela;RFD;BI_FP_RECEITA_FATURA_DET;NUM_CONTA_CLI;;NUM_CONTA_CLI;NUMBER(9);Código da BAN, identificador no Mobile
5;tabela;CSP;BI_DIM_CSP;COD_CSP;;COD_CSP;CHAR(2);Código do CSP (LD_ID) da operadora de longa distância
27;tabela;RFD;BI_FP_RECEITA_FATURA_DET;DW_CSP;;DW_CSP;NUMBER;Indica se a cobrança é de longa distância
7;tabela;OFE;BI_DIM_OFERTA_POS;COD_OFERTA;;COD_OFERTA;VARCHAR2(255);Código da oferta no Mobile
8;tabela;OFE;BI_DIM_OFERTA_POS;DSC_NOME_OFERTA;;DSC_NOME_OFERTA;VARCHAR2(1024);Descrição da oferta no Mobile
9;tabela;OFD;BI_DIM_OFERTA_POS;DSC_NOME_OFERTA;;DSC_NOME_OFERTA_DESCONTO;VARCHAR2(1024);Descrição da oferta de desconto no Mobile
11;tabela;TA;BI_DIM_TIPO_APARELHO;DSC_GRUPO_TIPO_APARELHO;;DSC_GRUPO_TIPO_APARELHO;VARCHAR2(255);Descrição do grupo do aparelho extraído da base no IW
12;tabela;TA;BI_DIM_TIPO_APARELHO;DSC_TIPO_APARELHO;;DSC_TIPO_APARELHO;VARCHAR2(255);Descrição do tipo de aparelho
16;tabela;TR;BI_DIM_TIPO_RECEITA;DSC_TIPO_RECEITA;;DSC_TIPO_RECEITA;VARCHAR2(20);Tipo de receita da charge code (Recorrência, Uso ou Ocorrência)
22;tabela;RFD;BI_FP_RECEITA_FATURA_DET;COD_PLATAFORMA;;COD_PLATAFORMA;VARCHAR2(5);Código da plataforma no BI
23;tabela;RFD;BI_FP_RECEITA_FATURA_DET;COD_TIPO_ATIVIDADE;;COD_TIPO_ATIVIDADE;NUMBER(2);Identificador da cobrança ou desconto na tabela CHARGE
24;tabela;RFD;BI_FP_RECEITA_FATURA_DET;COD_UN_MEDIDA;;COD_UN_MEDIDA;VARCHAR2(2);Unidade de medida no sistema Mobile
25;tabela;RFD;BI_FP_RECEITA_FATURA_DET;DAT_FATURA;;DAT_FATURA;DATE;Mês/ano de faturamento
34;tabela;RFD;BI_FP_RECEITA_FATURA_DET;NUM_NTC;;NUM_NTC;VARCHAR2(16);Número do terminal do cliente
35;tabela;RFD;BI_FP_RECEITA_FATURA_DET;NUM_SEQ_ASS;;NUM_SEQ_ASS;NUMBER(31);Número do assinante no sistema origem
36;tabela;RFD;BI_FP_RECEITA_FATURA_DET;VAL_ALIQUOTA_FUNTEL;;VAL_ALIQUOTA_FUNTEL;NUMBER(5,2);Valor da alíquota do FUNTEL
37;tabela;RFD;BI_FP_RECEITA_FATURA_DET;VAL_ALIQUOTA_FUST;;VAL_ALIQUOTA_FUST;NUMBER(5,2);Valor da alíquota do FUST
38;tabela;RFD;BI_FP_RECEITA_FATURA_DET;VAL_ALIQUOTA_ICMS;;VAL_ALIQUOTA_ICMS;NUMBER(5,2);Valor da alíquota do ICMS
39;tabela;RFD;BI_FP_RECEITA_FATURA_DET;VAL_ALIQUOTA_ISS;;VAL_ALIQUOTA_ISS;NUMBER(5,2);Valor da alíquota do ISS
40;tabela;RFD;BI_FP_RECEITA_FATURA_DET;VAL_ALIQUOTA_PIS;;VAL_ALIQUOTA_PIS;NUMBER(5,2);Valor da alíquota do PIS
41;tabela;RFD;BI_FP_RECEITA_FATURA_DET;VAL_BASE_COFINS;;VAL_BASE_COFINS;NUMBER(9,2);Valor base do COFINS
42;tabela;RFD;BI_FP_RECEITA_FATURA_DET;VAL_BASE_FUNTEL;;VAL_BASE_FUNTEL;NUMBER(9,2);Valor base do FUNTEL
43;tabela;RFD;BI_FP_RECEITA_FATURA_DET;VAL_BASE_FUST;;VAL_BASE_FUST;NUMBER(9,2);Valor base do FUST
44;tabela;RFD;BI_FP_RECEITA_FATURA_DET;VAL_BASE_ICMS;;VAL_BASE_ICMS;NUMBER(9,2);Valor base do ICMS
45;tabela;RFD;BI_FP_RECEITA_FATURA_DET;VAL_BASE_ISS;;VAL_BASE_ISS;NUMBER(9,2);Valor base do ISS
46;tabela;RFD;BI_FP_RECEITA_FATURA_DET;VAL_BASE_PIS;;VAL_BASE_PIS;NUMBER(9,2);Valor base do PIS
47;tabela;RFD;BI_FP_RECEITA_FATURA_DET;VAL_TARIFADO_COFINS;;VAL_TARIFADO_COFINS;NUMBER(9,2);Valor do COFINS
48;tabela;RFD;BI_FP_RECEITA_FATURA_DET;VAL_TARIFADO_FUNTEL;;VAL_TARIFADO_FUNTEL;NUMBER(9,2);Valor do FUNTEL
49;tabela;RFD;BI_FP_RECEITA_FATURA_DET;VAL_TARIFADO_FUST;;VAL_TARIFADO_FUST;NUMBER(9,2);Valor do FUST
50;tabela;RFD;BI_FP_RECEITA_FATURA_DET;VAL_TARIFADO_ICMS;;VAL_TARIFADO_ICMS;NUMBER(9,2);Valor do ICMS
51;tabela;RFD;BI_FP_RECEITA_FATURA_DET;VAL_TARIFADO_ISS;;VAL_TARIFADO_ISS;NUMBER(9,2);Valor do ISS
52;tabela;RFD;BI_FP_RECEITA_FATURA_DET;VAL_TARIFADO_PIS;;VAL_TARIFADO_PIS;NUMBER(9,2);Valor do PIS
53;tabela;RFD;BI_FP_RECEITA_FATURA_DET;VAL_TARIFADO_TOTAL;;VAL_TARIFADO_TOTAL;NUMBER(9,2);Valor da receita bruta
54;calculo;RFD;BI_FP_RECEITA_FATURA_DET;;NVL(RFD.VAL_TARIFADO_TOTAL,0) - (NVL(RFD.VAL_TARIFADO_ICMS,0) + NVL(RFD.VAL_TARIFADO_ISS,0) + NVL(RFD.VAL_TARIFADO_COFINS,0) + NVL(RFD.VAL_TARIFADO_PIS,0));VAL_RECEITA_LIQUIDA;NUMBER(9,2);Valor da receita líquida
55;calculo;BOG;BL_OFFER_GROUPS;OFFER_GROUP;CASE WHEN BOG.OFFER_GROUP = 'PCT_SVA' THEN 'S' ELSE 'N' END;IND_VAS;CHAR(1);Indicador se a oferta possui SVA
58;tabela;POS;BI_FP_RECEITA_FATURADA_POS;DUR_LIGACAO_DENTRO_FRANQUIA;;DUR_LIGACAO_DENTRO_FRANQUIA;NUMBER(12,2);Quantidade consumida dentro da franquia
59;tabela;POS;BI_FP_RECEITA_FATURADA_POS;DUR_LIGACAO_FORA_FRANQUIA;;DUR_LIGACAO_FORA_FRANQUIA;NUMBER;Quantidade de evento consumido fora da franquia
60;tabela;POS;BI_FP_RECEITA_FATURADA_POS;DUR_LIGACAO_REAL;;DUR_LIGACAO_REAL;NUMBER(12,2);Quantidade consumida
61;tabela;POS;BI_FP_RECEITA_FATURADA_POS;DUR_LIGACAO_TARIFADA;;DUR_LIGACAO_TARIFADA;NUMBER(12,2);Quantidade de eventos consumidos
66;calculo;RFD;BI_FP_RECEITA_FATURA_DET;DAT_FATURA;RFD.DAT_FATURA;DAT_MOVIMENTO;DATE;Data do movimento da carga
67;calculo;;;;SYSDATE;DAT_CRIACAO_DW;DATE;Data e hora de inclusão do registro no DW
68;calculo;;;;SYSDATE;DAT_ATUALIZACAO_DW;DATE;Data e hora de atualização do registro no DW
71;tabela;CLI;BI_DIM_CLIENTE;DSC_NOME_CLIENTE;;DSC_NOME_CLIENTE;VARCHAR2(110);Nome completo do cliente
72;tabela;CLI;BI_DIM_CLIENTE;NUM_CNPJ;;NUM_CNPJ;VARCHAR2(14);CNPJ para clientes corporativos
